Social Security Number,Name,Race,Country,Sentence_lenght
845-44-6208,Elisabet Vivers,Filipino,Sweden,379
212-13-3505,Fransisco Lawrie,Guamanian,China,88
738-85-5612,Ewell Tickle,Asian Indian,China,214
529-95-0569,Nanine Howitt,Yakama,Portugal,118
338-06-1219,Benito Fishburn,Delaware,Peru,164
294-11-2537,Patrizio Chong,Latin American Indian,Argentina,307
515-80-2086,Bevvy Christmas,American Indian and Alaska Native (AIAN),Jordan,198
308-26-2713,Jasun Hoffmann,Sioux,Czech Republic,105
606-66-2771,Ora Studdard,Sri Lankan,Poland,23
351-20-5214,Lukas Caulcott,Puget Sound Salish,Croatia,202
172-03-1198,Finn Coase,Thai,Vietnam,399
578-19-9793,Rayna Bresner,Cree,Venezuela,295
619-06-3497,Dorey Jaggi,Samoan,Indonesia,334
614-59-0964,Dan Shaddock,Pima,Greece,26
207-12-5682,Elva Walsh,Micronesian,Uruguay,331
174-25-8587,Filia Jeffers,Argentinian,Poland,149
151-68-8435,Larry Polfer,Chinese,Peru,185
293-25-0528,Cyndie Churchward,Melanesian,Thailand,157
373-16-8943,Danika Cadding,Yaqui,Canada,242
234-92-7546,Zacharie Gobert,Tlingit-Haida,Indonesia,37
525-23-3723,Imelda Wimbush,White,Ukraine,293
449-70-6843,Cher Wenham,Uruguayan,Russia,65
349-58-8314,Miltie Menloe,Shoshone,Ukraine,351
658-14-5378,Damon Balcers,Tongan,Uganda,335
353-16-0211,Edna Brownrigg,Pakistani,Colombia,366
604-76-6160,Avrit Etherton,Sri Lankan,Greece,389
429-14-3512,Cornelia Cowins,Melanesian,China,364
131-80-8096,Kikelia Denford,Chickasaw,Poland,64
804-01-2738,Duffy Speechley,Crow,China,226
550-94-8184,Sigfrid Aldcorne,Pueblo,Azerbaijan,279
254-88-9742,Otho Emanulsson,Paiute,Canada,268
775-83-8924,Karine Trythall,Choctaw,Republic of the Congo,32
490-83-9984,Pepito Jaggli,Cherokee,Tunisia,384
556-01-2280,Marje De Hooge,Native Hawaiian and Other Pacific Islander (NHPI),Syria,33
242-13-9595,Perren Sudworth,Nicaraguan,United States,326
147-74-1761,Salmon Durante,Tongan,Philippines,5
432-73-1068,Lise Golborne,Pima,France,218
495-92-6060,Fawn Eschelle,Japanese,Portugal,157
557-96-1138,Kinny Hlavac,Colville,China,65
505-85-4107,Kale Chadwell,Ecuadorian,China,65
628-34-0848,Sheilakathryn Hartright,Pueblo,China,391
339-96-0192,Evelyn Wash,Ottawa,United States,238
399-13-7950,Ramona Rowston,Paiute,Bosnia and Herzegovina,381
583-89-2624,Fernanda Kermitt,Paiute,Indonesia,89
178-10-7030,Mattias Swyer-Sexey,Sri Lankan,Poland,261
140-39-0854,Park Paridge,Comanche,China,344
395-11-7116,Bertrando Leppingwell,Melanesian,Peru,150
479-15-1265,Sig Casper,Cambodian,China,96
113-27-3327,Luke Confort,Native Hawaiian,Philippines,32
672-08-3594,Davita Soda,Black or African American,China,210
624-14-8538,Sophi Wilber,Chickasaw,South Africa,305
367-57-9775,Keefer Cheel,Asian Indian,Bangladesh,217
154-34-1117,Dukie Balentyne,Delaware,China,282
296-13-0899,Gabey Medcalfe,Kiowa,China,296
291-35-3037,Melodie Renhard,Houma,Morocco,160
122-11-4915,Chrissie Colthard,Chilean,Puerto Rico,232
144-64-4181,Griselda Coade,Bolivian,France,173
640-78-3535,Enrica Rosterne,Sri Lankan,Philippines,396
429-19-8433,Hortensia Hoyes,Latin American Indian,Russia,326
422-89-9783,Duke Bernardino,Fijian,Portugal,14
437-56-7590,Lorant Collister,Vietnamese,China,242
886-65-1946,Almeria Gripton,Osage,China,201
302-19-0666,Pall Brunner,Bangladeshi,Portugal,299
866-02-2125,Imogen Bosher,Laotian,China,309
479-34-3551,Nannette Winckles,Alaskan Athabascan,China,253
833-54-8397,Granville Bentick,Cheyenne,China,352
879-55-4555,Micky Pedrielli,Guatemalan,China,311
846-56-4978,Philippa Moy,Central American,Sweden,165
625-03-1821,Dionne Matuszynski,Salvadoran,Japan,20
476-69-9087,Ariel Milkeham,Tongan,Portugal,358
781-17-0727,Phebe Bezzant,Polynesian,China,237
312-19-1070,Norina O'dell,Yuman,China,74
175-40-7388,Amelina Truckell,Yuman,Vietnam,391
242-45-0449,Gill Yoselevitch,Latin American Indian,Mali,159
418-84-4228,Alexia Losel,Panamanian,China,138
481-41-2274,Robinetta Jasper,Apache,China,237
408-26-5469,Meade Stronach,Indonesian,Poland,233
364-05-5305,Seward Kuzma,Malaysian,Indonesia,152
264-84-8469,Elbert Fippe,Laotian,China,271
565-30-1033,Etan Haken,Comanche,Philippines,188
721-83-8231,Vic Steuhlmeyer,Filipino,Argentina,317
538-42-8578,Ward Mathiasen,Micronesian,Philippines,88
421-46-7087,Ginnifer Capel,Chinese,Palestinian Territory,334
722-78-3101,Goddard Petley,Central American,Canada,24
159-92-0416,Eveleen Ruf,Micronesian,China,173
276-53-4822,Christabel Brownsett,Comanche,Portugal,97
630-83-0002,Hugibert Wavell,Argentinian,Myanmar,123
700-40-8257,Beltran Steed,Hmong,Mozambique,191
531-60-7836,Tate Wenn,Shoshone,Norway,389
729-82-0078,Berny Bevans,Native Hawaiian,Belarus,143
858-57-4389,Honey Jealous,Thai,Sweden,185
142-35-9141,Edouard Huetson,Puget Sound Salish,Syria,129
188-06-2028,Elias Newburn,Pakistani,Brazil,95
174-81-6640,Jacquie Pedro,Honduran,Lithuania,206
821-01-8589,Nellie Butland,Tohono O'Odham,Philippines,240
196-65-1095,Tadeo Kelso,Yaqui,China,211
732-43-6837,Crichton Loughlin,Native Hawaiian,Ukraine,160
665-29-9714,Francine Baughan,Panamanian,China,300
880-31-0072,Xaviera Titcombe,Asian Indian,Finland,308
417-60-8221,Gal De Bruijne,Guatemalan,Laos,91
676-65-4119,Jocko Lochrie,Nicaraguan,Belarus,243
557-41-6155,Sansone Giovannetti,Samoan,Russia,101
367-54-8765,Hayyim Moors,Crow,Kazakhstan,239
505-43-9959,Marni Coleman,Comanche,China,210
194-16-9915,Sib Glendenning,Chinese,Brazil,90
442-65-6892,Glen Taffarello,Micronesian,Portugal,399
676-49-3452,Burnaby Swaite,Ecuadorian,Albania,74
307-63-3484,Adaline Lilley,Salvadoran,Nigeria,189
284-26-8820,Kurt MacCaughan,Alaska Native,Yemen,97
527-51-4826,Sterne Jossum,Yaqui,China,34
434-96-0785,Sonya Holhouse,Osage,China,216
400-01-0577,Shaylyn O'Scanlan,Iroquois,Poland,98
615-86-0371,Perkin Roberts,Apache,Russia,25
726-46-2093,Farrel Abramamov,Japanese,Malaysia,318
400-26-7684,Arther Lints,Cheyenne,China,39
116-76-8873,Corrinne McClenan,Cherokee,Brazil,74
121-31-9246,Son Paradise,Japanese,Czech Republic,36
225-52-9933,Gilligan Goodbairn,Chippewa,Argentina,138
407-79-7525,Bill Nicholl,Kiowa,China,334
550-40-4214,Lulu Haldenby,Blackfeet,New Zealand,245
647-43-1103,Dougy Dudin,Bolivian,Russia,391
520-95-1920,Nissie Blakely,Peruvian,Indonesia,99
857-08-1933,Jakob McNaughton,American Indian,Puerto Rico,140
769-37-6913,Shelley Fison,Chilean,Estonia,29
582-77-6343,Fara Windsor,Bolivian,Brazil,53
738-18-5771,Krista Atyeo,Bangladeshi,Cameroon,27
638-20-0494,Nydia Cannon,Ottawa,Poland,183
310-87-2834,Jasen Beechcraft,South American,Thailand,358
564-72-7980,Flossi Clymo,Comanche,Mali,151
457-31-7123,Bessy Kerin,Colombian,Ethiopia,349
892-93-0070,Eduard Finnemore,Mexican,China,388
188-43-6538,Emanuele Mountain,Choctaw,Czech Republic,157
674-40-9626,Temple Dearnley,Creek,China,292
451-72-7608,Sergent Tyres,Yuman,Indonesia,165
574-87-8726,Red Tante,Cherokee,Sweden,73
275-52-0552,Dannie Selwyne,Yuman,Portugal,71
227-80-6990,Leoine Bonny,Costa Rican,Botswana,344
356-34-3402,Phelia Trobe,Yuman,United States,183
118-08-7679,Faulkner Wilsher,Venezuelan,Philippines,310
202-12-9759,Davine Tibalt,Cambodian,Sweden,11
602-09-3622,Dick Scyner,Latin American Indian,China,82
113-39-2020,Frayda Hardesty,Honduran,Mexico,306
593-72-3830,Wyn Hewertson,Salvadoran,France,336
863-82-1038,Alina MacFarland,Tongan,Dominican Republic,188
620-15-0094,Emmet Benck,Pueblo,Tanzania,28
178-99-4704,Cris Caplis,Chinese,Peru,39
142-44-5395,Ode Lomax,Polynesian,Colombia,280
268-16-8935,Kelli Feares,Chippewa,Philippines,20
520-31-9092,Alicia Locarno,Black or African American,Tajikistan,180
877-26-8914,Gunilla Nacci,Lumbee,Indonesia,113
484-79-8306,Marlin Haughton,Guatemalan,Philippines,282
444-97-8444,Buddie Hearthfield,Guatemalan,Peru,47
335-24-2234,Dorian Shanahan,Aleut,Japan,282
171-81-3355,Danica Bruneau,Fijian,Pakistan,261
592-11-9269,Der Brain,Yuman,China,78
510-78-0507,Jocelyn Osgarby,Chamorro,Czech Republic,346
888-71-2665,Guglielma Blazevic,Central American,China,65
738-26-8990,Bondie Wieprecht,Cuban,Indonesia,295
656-53-4669,Brandy Chaffen,Cree,Palestinian Territory,232
332-53-3272,Fair Hune,Peruvian,Portugal,283
827-07-2277,Alvera Eggar,Ecuadorian,Indonesia,73
406-03-6818,Bendix Linley,Pakistani,Poland,383
184-09-3967,Noemi Knutton,Tohono O'Odham,Democratic Republic of the Congo,51
497-52-1033,Aurelie Simms,Costa Rican,Norway,185
131-72-4803,Adria Withur,Cuban,Thailand,210
896-41-9975,Selia Macrae,Colville,Brazil,200
310-51-0725,Harry Thelwll,Apache,China,201
503-79-2782,Meggi Forseith,Puerto Rican,Ukraine,177
885-88-5591,Raymond Matteacci,Native Hawaiian,Botswana,118
564-98-8385,Merl Crielly,Alaska Native,Nigeria,49
249-19-3344,Judas Amy,Cuban,Haiti,297
605-66-1630,Wernher Collingridge,Latin American Indian,Greece,44
395-63-7195,Ignace Sarl,Chamorro,Philippines,284
466-70-5956,Paule Faithfull,Peruvian,Indonesia,7
380-99-4837,Vincents Horrigan,Venezuelan,Philippines,26
670-87-3329,Hieronymus Ind,Chamorro,Chad,52
199-97-3821,Bonnee McNicol,Tlingit-Haida,Philippines,6
234-73-9474,Chev Robez,Tohono O'Odham,Canada,59
368-05-1037,Kliment Mabbutt,Guamanian,Colombia,383
797-85-3925,Cybil Symson,Guatemalan,China,1
578-20-6634,Iolande M'Quharg,Cherokee,North Korea,97
857-73-0569,Darbee Hamblington,Vietnamese,Botswana,341
644-22-6536,Hadria Ricardon,Melanesian,Japan,272
851-02-6459,Star Bare,Pima,China,56
119-89-3317,Adora Tooth,Delaware,Honduras,106
878-16-0747,Anatole Gascone,Cree,Brazil,10
519-34-5281,Harland Gosker,Tlingit-Haida,China,163
179-40-0280,Irwin Alves,Puerto Rican,France,98
202-10-2076,Starlene Marler,Puget Sound Salish,Vietnam,37
399-32-5478,Lonnie Groarty,Osage,China,158
266-77-2029,Ernestine Kendal,Colville,Greece,163
641-62-7474,Sybil Grimolbie,Blackfeet,Poland,170
263-12-5518,Clevey Jorry,Uruguayan,Argentina,310
715-49-7881,Isidro McKenna,Navajo,Thailand,58
295-11-0112,Feliks Hassent,Laotian,Guyana,299
169-85-4940,Gloriana Fretter,Alaskan Athabascan,China,23
658-43-2450,Marja Mulheron,Eskimo,Kazakhstan,146
550-01-9859,Lorilyn Peschmann,Navajo,Brazil,376
573-09-0018,Berty Wickrath,Tohono O'Odham,Panama,301
326-29-4155,Hortensia Suscens,Aleut,France,209
475-70-9701,Hamilton Kencott,South American,New Zealand,189
605-96-9363,Cully McIlhatton,Chamorro,China,3
786-27-5701,Gaelan Freeman,Tohono O'Odham,China,335
305-44-9107,Archie Vitler,Dominican (Dominican Republic),China,39
873-50-1717,Wandie Burgett,Costa Rican,Colombia,396
435-25-7646,Jenny Hollows,Cree,Egypt,237
167-92-0009,Leta Gislebert,Lumbee,Ukraine,149
403-01-0687,Dmitri Cahalan,Shoshone,Sweden,98
895-25-3734,Maurizio Patron,Asian,South Africa,208
676-15-3170,Della Corzon,Cheyenne,Burkina Faso,64
304-12-3764,Jinny Fysh,Osage,Russia,250
239-03-0654,Milli Martinello,Malaysian,Syria,14
480-64-1039,Mathias Arnison,Nicaraguan,Bangladesh,7
612-74-9550,Alice Horsell,Chinese,Colombia,102
472-08-4957,Dominik Lesurf,Alaskan Athabascan,China,63
315-70-3927,Nester Ramelet,Ute,Ukraine,15
223-48-4086,Roman Margerison,Indonesian,China,180
818-51-2341,Evangelin Cromarty,Thai,Peru,246
201-92-9475,Eliot Coast,Bangladeshi,Lithuania,163
696-50-3078,Natalina Hagan,Paraguayan,China,129
355-65-0338,Nikki Ruhben,Seminole,Mexico,127
760-39-0120,Lyman Pottle,Samoan,Indonesia,351
347-72-9758,Orly Shorie,Bolivian,Indonesia,216
434-42-1417,Barbra Selbie,Asian Indian,France,12
378-42-8939,Betti Huke,Black or African American,Indonesia,185
244-68-6791,Nissa Peile,Sri Lankan,China,17
842-28-0443,Corty Grimm,American Indian,Poland,344
477-13-6880,Sherilyn De Ortega,Chilean,Brazil,345
188-50-9913,Marna Danes,Iroquois,China,308
501-28-6983,Zonda Antunes,Ottawa,Serbia,268
702-38-0140,Erny Jubb,Bolivian,Portugal,212
737-42-6581,Alexis Melmoth,Salvadoran,Portugal,150
794-21-2509,Franky Conerding,Yuman,China,343
787-36-6117,Caldwell Torrejon,Tlingit-Haida,Indonesia,308
514-89-9748,Evangelia Shatford,Alaska Native,China,342
818-37-7288,Gasparo Edgeley,Crow,Kazakhstan,309
727-20-0476,Donnie Sim,Yaqui,Ukraine,179
771-10-3903,Tadeo Millwall,Asian,China,365
720-31-4232,Diandra Gildersleaves,Central American,France,136
426-76-8247,Leda Withey,Argentinian,China,276
356-65-6215,Merrel Docket,Central American,China,350
511-30-9610,Becka MacGillacolm,Puget Sound Salish,Japan,379
550-34-9050,Carlina Cornelis,Bolivian,Israel,71
197-39-1308,Vivi Guidelli,Tlingit-Haida,China,375
468-57-8777,Nikolos Pablo,Chickasaw,Czech Republic,241
699-85-2724,Donni Tame,Cree,Denmark,219
376-59-0681,Reyna Idale,Cuban,Yemen,165
387-02-9450,Noby Gregon,Iroquois,China,395
271-66-4779,Olivie Pheazey,Puget Sound Salish,Indonesia,361
330-62-4464,Jamey Lafond,Tohono O'Odham,Portugal,92
643-62-0535,Berthe Rizzardini,Guamanian,Japan,31
387-53-3731,Lavinia MacLoughlin,Puget Sound Salish,China,47
367-76-9770,Bayard Tollemache,Salvadoran,Macedonia,357
416-45-3520,Cordy Casewell,Micronesian,Indonesia,218
333-89-1760,Selene Floris,Asian Indian,Sweden,22
402-87-5090,Garrek Burditt,Chamorro,Kenya,196
339-53-2098,Mathian Binder,Uruguayan,Ireland,9
541-48-7259,Tommie Doge,Lumbee,China,224
445-43-7438,Yuma Hyrons,Cree,Djibouti,289
817-08-3592,Mata Croxley,Black or African American,China,374
749-36-1667,Mela Ondracek,Yuman,Ukraine,362
868-31-6699,Janela Moscone,Nicaraguan,Venezuela,338
261-99-1500,Orin Skiggs,Puget Sound Salish,United States,154
567-98-3728,Isabelita Mullally,Creek,Botswana,162
667-42-2824,Talyah Esley,Central American,Ukraine,280
457-67-2411,Franky Astle,Tlingit-Haida,Kazakhstan,330
543-90-3646,Alejandra Bridson,Asian Indian,Indonesia,341
706-02-0291,Valera Ximenez,Alaskan Athabascan,China,108
345-61-6551,Eudora Beeho,Korean,Indonesia,135
540-45-7500,Aurel Ubach,Argentinian,Armenia,310
596-15-3206,Kilian Caulket,Paraguayan,Russia,110
830-77-0330,Allsun MacConnal,Korean,China,361
171-77-5072,Dottie Norkutt,Creek,Comoros,301
352-83-7815,Bonnie Newlin,Paraguayan,France,6
852-88-5898,Maje Buckney,Seminole,Philippines,176
333-06-3504,Rees Lorenzin,Indonesian,Japan,103
802-70-3788,Winn Warre,Alaska Native,Russia,391
423-40-6571,Flore Pedracci,Samoan,Anguilla,356
664-74-9015,Klaus Tilliard,Cambodian,Indonesia,106
717-95-5870,Fran Carefull,Central American,Philippines,241
419-45-6271,Rriocard Merriton,Micronesian,China,213
270-05-2609,Paige Jendas,Yaqui,Armenia,354
313-73-9192,Algernon Manderson,Cherokee,China,148
746-16-0110,Catie Sawdy,Paiute,Malta,214
392-13-9088,Zorine Scollard,Yakama,Colombia,184
136-41-3884,Taryn Castagnaro,Salvadoran,China,239
215-53-7213,Derk Twigg,Blackfeet,China,321
269-52-3438,Kellyann O'Cannavan,Micronesian,China,328
702-97-3031,Dennison Card,Chilean,Vietnam,49
771-83-1688,Gretchen Lambirth,Eskimo,United States,40
700-97-7479,Dannie Twiggins,Malaysian,Mali,123
608-59-9335,Reginald Shemelt,Native Hawaiian,China,399
875-21-1168,Starr Dilawey,Ecuadorian,Indonesia,149
752-94-8344,Cherise Machon,Pima,Macedonia,276
558-11-7003,Gearalt Whal,Peruvian,China,142
191-60-5561,Dorella Sarfas,Colombian,Cuba,30
799-74-2723,Gwennie Handmore,Tongan,Egypt,297
134-01-9140,Lacee Gaishson,Costa Rican,Bolivia,387
667-23-1975,Hugibert De Carolis,Guatemalan,Argentina,158
743-51-0410,Diena Issitt,Hmong,Canada,229
690-06-8992,Vittorio Ayce,Native Hawaiian and Other Pacific Islander (NHPI),Ukraine,287
145-12-9957,Liz Currey,Choctaw,Bolivia,334
625-01-5540,Glenda Casewell,Honduran,Portugal,357
557-74-3862,Torre Cawte,Kiowa,Russia,89
392-58-5828,Ana Neiland,Delaware,Armenia,340
192-83-0015,Kristine Durrett,Yaqui,Indonesia,390
561-98-7136,Maureen Marrion,Central American,Philippines,215
195-18-1093,Maude Scare,Tohono O'Odham,United States,27
421-82-2179,Maddi Farleigh,Tohono O'Odham,Afghanistan,285
266-60-8504,Hendrika Cottey,Thai,Indonesia,257
218-28-7765,Vere Brumfitt,Japanese,Japan,74
580-39-3067,Carl Vermer,Paraguayan,Benin,361
300-11-4520,Gearalt Roskelley,Shoshone,Sweden,189
499-88-2101,Zsa zsa Rosenkrantz,Chilean,Niger,291
327-76-9300,Brooks Andres,Potawatomi,Philippines,50
622-42-2442,Clarette Coppeard,Laotian,China,122
708-66-6722,Kalie Brugman,Aleut,Indonesia,80
443-13-2618,Eadie Beeck,Spaniard,Indonesia,291
235-81-9189,Ely Creavan,Asian Indian,China,63
636-01-4392,Mitchel Gladdor,Latin American Indian,Brazil,101
452-76-7363,Odette Waylett,Honduran,Czech Republic,79
770-10-2720,Merle Le Fleming,Paraguayan,Portugal,193
542-95-4916,Inigo Venneur,Alaskan Athabascan,Russia,38
730-89-1958,Siana Gozzard,Melanesian,Philippines,26
240-20-9386,Cariotta Logesdale,Sioux,Yemen,16
136-59-7017,Carmine Powner,Asian Indian,China,361
485-53-8627,Maximo Donizeau,Menominee,Indonesia,98
263-58-5034,Tim Guerro,Latin American Indian,Croatia,167
154-59-7585,Effie O'Neal,Cheyenne,South Korea,210
550-63-4757,Ricard Waskett,Choctaw,Portugal,357
274-90-1332,Codee Macewan,Yakama,China,331
143-36-1855,Lavena Creane,Pueblo,Indonesia,366
237-50-7855,Stavros Spargo,Dominican (Dominican Republic),China,57
825-95-8825,Raine Bjorkan,Tlingit-Haida,Portugal,111
275-93-1580,Louella Gerdts,Yakama,Uzbekistan,376
646-39-9853,Agatha Doblin,Costa Rican,Indonesia,242
839-51-1709,Taddeo Scotchforth,Thai,Mexico,241
736-20-7974,Galen Shafier,Ecuadorian,North Korea,246
847-54-2849,Anthony Jakubovsky,Laotian,Russia,80
418-30-6047,Florentia Bunten,Kiowa,United States,43
787-19-7718,Ruthanne Cavell,Tongan,China,263
151-31-5230,Leonerd Bottoner,Tlingit-Haida,France,278
182-50-6133,Barby Bertram,Colombian,Argentina,79
165-83-1333,Alexander Esposito,Spaniard,Sri Lanka,195
790-98-8068,Gualterio Haysar,Navajo,Ukraine,203
634-89-6153,Myriam Fosten,Paraguayan,China,74
528-36-8953,Verna Gianotti,Thai,China,43
177-42-8228,Carri Farley,Fijian,Philippines,392
324-66-6642,Linn Somerbell,Thai,China,54
505-98-3414,Janelle Woolland,Cherokee,Greece,149
633-92-4977,Dorthea Lanceley,Native Hawaiian and Other Pacific Islander (NHPI),Russia,257
769-02-2767,Ilene Reaveley,Filipino,Brazil,339
302-21-3373,Kylie Runham,Navajo,Brazil,99
263-36-4556,Carly Chestnutt,Japanese,United States,348
651-45-4374,Torrin Mateos,Samoan,Bahamas,33
148-10-4850,Becky Jeandet,Iroquois,Poland,375
568-99-4974,Templeton Rahill,Colombian,Macedonia,385
119-61-5649,Elvira Duffield,Latin American Indian,Bangladesh,259
157-21-8806,Dosi Bartram,Pueblo,Sweden,335
260-21-0303,Fianna Luckett,Cree,China,125
861-93-0107,Mela Dory,Costa Rican,Dominican Republic,311
658-70-3022,Sig Dearell,Seminole,Portugal,52
322-12-7278,Nixie Bellchamber,Yakama,France,235
843-90-1307,Adrianne McDougle,Colville,Bangladesh,321
257-39-8280,Frazer Lankford,Panamanian,Russia,13
576-95-6391,Cecilio Lovell,Pakistani,Russia,242
271-29-4898,Marj Edelman,Melanesian,China,355
455-30-4519,Morgen Baison,Pakistani,China,246
342-49-4016,Frayda Kirkebye,Uruguayan,Canada,371
381-71-5513,Berny Wisbey,Colville,China,214
640-91-9186,Nancie Briand,South American,Japan,69
772-13-6861,Augustus Addeycott,Thai,Indonesia,306
858-20-6848,Orson Brumfield,Sioux,Honduras,204
502-74-2001,Jordana Deaves,Lumbee,China,123
698-57-7152,Steve Spurden,Creek,Russia,369
267-42-0669,Gasper Moryson,Vietnamese,Kenya,270
191-22-0723,Dara Lerwill,Comanche,Brazil,357
256-14-0875,Corene O'Carmody,Paiute,Peru,176
644-54-3384,Michele Spraging,Cuban,China,285
150-08-7032,Neale Blais,Osage,United States,328
360-33-7131,Danit Grisedale,Japanese,France,108
586-55-0009,Sibeal Iacavone,Pueblo,Sweden,26
346-95-4992,Harlan de Villier,Chippewa,Indonesia,125
677-89-5121,Brinna Lehon,Ecuadorian,Armenia,362
781-40-6890,Mathias Fawdrie,Guatemalan,Japan,123
453-84-6694,Fairlie Jewsbury,Navajo,Japan,93
898-26-5028,Carmel Ilott,Paraguayan,Sweden,368
415-05-5661,Sammy Angell,Menominee,Czech Republic,351
424-82-5041,Lonnie Swinden,Apache,Portugal,65
320-08-4473,Doe Bowness,Iroquois,Indonesia,80
387-96-6585,Damon Carlow,Chamorro,Dominican Republic,10
213-82-1083,Michael Chadbourne,Pueblo,Poland,193
156-38-0815,Zaneta Fulep,Native Hawaiian and Other Pacific Islander (NHPI),Indonesia,294
663-35-6620,Pedro O'Scully,Vietnamese,Japan,102
785-67-6024,Eada Di Maggio,Salvadoran,China,165
615-17-7480,Shelli Kmieciak,Panamanian,Indonesia,187
409-57-4249,Wendy Constantinou,Guatemalan,Ukraine,19
444-31-6638,Talya Byles,Filipino,Czech Republic,189
158-63-6385,Uri Thornthwaite,Chamorro,Sweden,152
236-03-5531,Merrielle Tarpey,Chickasaw,Philippines,42
703-69-8852,Vevay Northen,Creek,China,274
333-04-6207,Farlee Duffer,Colombian,Lithuania,122
618-50-5171,Osmund Krause,Filipino,Malaysia,213
346-92-5962,Florian Jurek,Ecuadorian,Kyrgyzstan,135
180-92-1743,Trumaine Simonetto,South American,Indonesia,69
778-98-5230,Say Karpenko,American Indian,Indonesia,273
248-52-8275,Tracy Brokenshaw,Salvadoran,Sweden,200
246-27-2517,Tedman Cabera,Comanche,Azerbaijan,323
887-31-8690,Salome Giabuzzi,Pima,Mauritius,334
649-99-2013,Shayne Hounsome,Choctaw,Norway,148
199-98-3826,Linn Rutherfoord,Potawatomi,Sweden,119
186-07-9303,Myrta Liddyard,Osage,China,117
855-67-2674,Carley Bestiman,Melanesian,Indonesia,375
736-09-6032,Wayne Dow,Ute,Argentina,276
145-26-5318,Catherine Kennington,Dominican (Dominican Republic),Philippines,221
341-30-2507,Carol-jean Malletratt,Cheyenne,Venezuela,69
797-39-8499,Becky Freen,Central American,Peru,263
484-61-4791,Fredrick Padly,Comanche,Greece,134
110-36-1611,Cecil Pether,Guamanian,Philippines,342
689-90-2461,Ibby Schlagh,Puerto Rican,Indonesia,206
442-32-2468,Crawford Prate,Malaysian,Brazil,154
729-65-5393,Binnie Josef,Fijian,Thailand,231
792-41-6034,Melisande Leggen,Choctaw,Cuba,354
130-91-2455,Cobbie Leadstone,Ecuadorian,Vietnam,101
810-86-2245,Maurine Haseldine,Bolivian,Iran,52
125-93-5611,Amanda Duley,Pakistani,China,245
413-71-6992,Magdalena Mengue,Navajo,China,213
443-62-6166,Lorilee Rought,Guamanian,France,73
414-20-4113,Jolie Getch,Shoshone,Poland,221
318-87-1152,Marianna Grewe,Guamanian,Mali,99
249-47-4413,Daria Hum,Tongan,Indonesia,393
314-21-0632,Hilliard Creenan,Japanese,Portugal,41
655-06-2714,Shae Mains,Cherokee,France,354
580-01-6177,Bernardine MacArthur,Ecuadorian,China,294
208-68-1298,Jephthah Wilcinskis,Bolivian,Russia,93
838-36-0450,Lia Kleyn,Apache,Syria,188
686-49-3645,Chloette Ahlin,Chamorro,Brazil,37
516-78-2445,Oswell Dreier,Chinese,Vietnam,364
380-36-4119,Andreana Shackell,Tlingit-Haida,China,140
727-62-0166,Rochester Sweynson,Sioux,China,157
385-39-8620,Olag Gaynes,Ecuadorian,Palestinian Territory,325
570-21-0972,Janaya Cheale,Salvadoran,New Zealand,138
747-56-6366,Sadie Jakab,Ottawa,China,176
311-84-6765,Donni Worsell,Cambodian,China,281
397-86-6252,Thia Corbould,Ecuadorian,Indonesia,330
555-95-8392,Arthur Sabates,Apache,France,104
557-54-0114,Cyndy Hutchings,Vietnamese,China,131
493-29-7931,Arty Songist,Menominee,Vietnam,352
864-19-7216,Michale Bearfoot,Dominican (Dominican Republic),Malaysia,341
826-97-4799,Albert Stonehouse,Dominican (Dominican Republic),Philippines,136
870-20-6295,Karina Bassham,Filipino,Indonesia,240
843-82-9003,Hendrick Riedel,Thai,China,306
569-28-2603,Romeo Whapham,Crow,Brazil,250
236-20-7574,Stella Caws,Japanese,Russia,333
541-08-7846,Millisent Bache,Tlingit-Haida,Brazil,398
692-16-6126,Naomi Tregunna,American Indian and Alaska Native (AIAN),Panama,325
144-85-9480,Felicia Marwood,Aleut,Brazil,280
296-63-0439,Addie Verecker,Choctaw,France,17
819-33-3417,Modestia Beggan,Mexican,Russia,13
798-84-7304,Donal Neles,Venezuelan,France,383
179-86-3629,Eugene Viall,Menominee,Kazakhstan,82
342-55-7806,Silas Streatfeild,Asian,Russia,370
218-63-4087,Carolee le Keux,Delaware,Indonesia,145
441-29-0439,Victoria Seal,Bolivian,Czech Republic,349
589-57-8167,Lorianna Athey,Chilean,South Korea,133
279-55-8171,Adler Kelberer,Crow,Venezuela,94
725-69-8552,Federico Delf,Ottawa,Philippines,225
152-79-4257,Gordan Bungey,American Indian,China,68
651-04-0011,Humfried Creasey,Sioux,Peru,113
655-05-4121,Prue Goodsir,Yaqui,Poland,259
681-80-1045,Niccolo Darnbrook,Houma,China,136
387-13-3523,Cody Crew,Panamanian,Argentina,242
220-82-8790,Gerik Robelow,Thai,Greece,220
762-31-3081,Filbert Wilcot,Argentinian,China,272
383-28-0599,Carlyn Jacks,Black or African American,United States,357
211-79-0762,Chery Samart,Aleut,Somalia,337
772-53-7117,Larisa Reyner,Ute,Russia,312
378-91-5974,Chrissy Cawdell,Korean,China,359
722-95-3106,Paule Hacquel,Filipino,China,80
255-56-7470,Jaclin Isted,Hmong,Morocco,122
173-92-4323,Tiebold Cristoforo,Bangladeshi,Switzerland,336
760-73-7543,Kelley Backshill,Paiute,Saint Kitts and Nevis,24
620-77-8243,Kamillah Pendrick,Yaqui,Indonesia,199
250-20-7127,Timothy Hunday,Bangladeshi,Portugal,232
690-12-2430,Diena Dumbleton,Salvadoran,Indonesia,135
108-18-6580,Karol Eggleston,Alaska Native,Ireland,157
795-46-4252,Davita Danett,Salvadoran,Democratic Republic of the Congo,313
390-66-9033,Lamond Tordiffe,Samoan,Tanzania,318
551-67-1791,Aaren Bryns,Pima,France,295
277-54-6248,Budd Coggill,Pakistani,Czech Republic,124
740-29-0125,Ara Fromont,Chippewa,Dominican Republic,310
265-66-0427,Ralph Luscott,Ecuadorian,Papua New Guinea,85
540-97-9672,Katharine Mc Pake,Creek,Czech Republic,111
278-86-5034,Dru Gronno,Sioux,Kazakhstan,282
744-05-3107,Genni Livock,Cherokee,China,80
382-30-8892,Dolly Revitt,South American,France,360
427-85-2372,Nathanial Gilliver,Yakama,China,226
301-22-1495,Shandy Du Hamel,Latin American Indian,China,145
276-03-5807,Jess Pays,Black or African American,Iceland,315
500-75-2381,Tarra Swendell,Cheyenne,Mexico,153
580-38-6558,Ailene Juster,Crow,Haiti,87
487-35-2352,Janet Colebeck,Malaysian,China,94
837-51-5771,Joey Corthes,Mexican,Brazil,156
559-56-5690,Loella Kellet,Salvadoran,China,262
264-50-8312,Germayne Jemison,Central American,Russia,293
411-59-3010,Tiphani Richley,White,Japan,168
669-58-3280,Rosalinda Bloyes,Indonesian,China,238
524-91-2784,Mateo Grishakov,Menominee,Indonesia,190
448-18-0774,Yorke Sonier,American Indian,Colombia,300
237-02-9925,Noah Teresia,Kiowa,Brazil,248
776-88-0086,Shaine Bess,Micronesian,Philippines,224
287-45-3753,Valentijn Joiris,Tongan,Brazil,6
286-32-1135,Dorotea Ditzel,Central American,Bulgaria,83
628-07-7293,Van Radenhurst,Ecuadorian,France,342
473-43-0158,Christin Allebone,Central American,Brazil,335
242-42-2469,Shep Treadgall,Paiute,Japan,11
401-86-6537,Eada Poluzzi,Tlingit-Haida,China,62
589-82-8759,Kamila Tellesson,Potawatomi,Sweden,170
571-61-2279,Dolf Bernuzzi,Colombian,Sweden,208
828-55-4555,Emmalee Millership,Ecuadorian,Japan,56
576-69-8934,Eugenie Padmore,Dominican (Dominican Republic),Finland,396
242-48-3244,Curtice Ervin,Venezuelan,China,133
467-99-5396,Florencia Neenan,Salvadoran,Peru,69
713-46-1368,Cobb Haulkham,Chilean,Japan,52
527-02-0687,Jameson Prest,Bangladeshi,France,326
819-60-0323,Taddeusz Larkings,Asian Indian,Chile,211
495-33-2017,Vincents Presidey,Dominican (Dominican Republic),China,327
650-95-9798,Elly Charnley,Navajo,China,390
193-40-9759,Rivalee Garza,Kiowa,Philippines,9
594-18-9137,Hill Ladlow,Japanese,Indonesia,377
244-16-6161,Zitella Toffalo,Guamanian,Indonesia,210
816-40-5312,Fredrick Acuna,Sioux,China,226
517-59-6890,Jada Whitewood,American Indian and Alaska Native (AIAN),Guatemala,269
270-80-0388,Celestyna Brickwood,Fijian,Cuba,27
821-79-8102,Salvador Barkley,Asian Indian,Mongolia,216
282-67-1658,Becka Goodoune,Kiowa,China,377
607-37-0029,Orel McElrath,Taiwanese,Mexico,267
735-94-0601,Virgil Stockney,Dominican (Dominican Republic),Indonesia,119
287-51-1673,Mattie Janodet,Bangladeshi,Indonesia,105
891-71-9893,Darsey Rockcliffe,Pakistani,Russia,238
339-63-0542,Jeremy Stonebanks,American Indian,Australia,160
481-35-2560,Huberto Konrad,Alaska Native,Brazil,128
874-11-2504,Durward Kibbel,Delaware,Portugal,232
422-15-0848,Bettye Allnatt,Houma,Indonesia,223
579-65-1704,Jeannette Pollington,Tongan,France,342
716-79-7778,Candra Derges,Seminole,Sweden,57
737-21-9706,Case Hearn,Iroquois,Australia,349
796-25-6183,Corabelle Cosby,Nicaraguan,Indonesia,95
831-01-4238,Francine Phelp,Native Hawaiian,Malta,147
616-58-5096,Nikos De Simoni,Cambodian,Portugal,235
413-33-8904,Oralie Bonnick,Menominee,Indonesia,95
852-81-3246,Brock Tinsey,Costa Rican,China,370
199-86-7663,Dorie Jovis,Potawatomi,Mongolia,391
635-50-3557,Tilly Quare,Ecuadorian,South Korea,211
295-34-4430,Wendell Sebborn,Native Hawaiian and Other Pacific Islander (NHPI),Philippines,116
329-90-5880,Sunshine Winckle,Paiute,Croatia,240
779-94-1743,Nessa Hindhaugh,Taiwanese,United States,80
851-75-9707,Aeriela Rosenstock,Black or African American,China,134
104-50-8520,Jacqueline Aveline,Colville,Indonesia,311
376-09-2183,Philis Tythe,Ute,Brazil,108
894-21-3355,Silvia Braikenridge,Guatemalan,Philippines,49
352-79-8929,Lenette Broe,Salvadoran,South Africa,321
325-53-0340,Gratia Izkovicz,Polynesian,China,322
652-41-4235,Garwin Dunseath,Tohono O'Odham,Greece,346
308-62-9957,Arnoldo Patifield,Bolivian,Brazil,151
367-38-4502,Meg Risbrough,Bangladeshi,Canada,351
770-02-9799,Giacopo Face,Asian,Chile,231
805-99-7172,Tabitha Molen,Thai,Indonesia,169
299-21-4417,Thomasina Crannis,Ute,Indonesia,143
416-03-4162,Aura Reinhart,Costa Rican,Indonesia,295
526-75-7776,Monti Whybray,Nicaraguan,Mali,326
460-35-0065,Anjanette Tellenbach,Korean,China,174
437-31-0617,Idalina Gamett,Puerto Rican,China,191
172-53-8612,Vince Eyckel,Laotian,China,175
642-33-4261,Allister Mayoral,Chamorro,South Korea,375
643-55-0494,Terrence Mongain,Indonesian,China,198
393-78-9939,Binnie Flann,Colombian,Ethiopia,27
298-02-0548,Olag Bednall,Salvadoran,Russia,251
729-98-4171,Meryl MacCheyne,Blackfeet,China,381
496-96-8178,Karen Fildery,Polynesian,Sweden,219
632-90-8603,Byron Hylton,Cambodian,Bangladesh,63
749-13-9859,Mariel Manktelow,Ecuadorian,China,221
707-64-8867,Donielle Trustie,Yaqui,Czech Republic,284
844-24-0249,Anabal Thresh,Bolivian,Argentina,261
225-11-8805,Paulette Staden,Yakama,Russia,187
733-77-6429,Nelly Doidge,Nicaraguan,Morocco,179
362-74-0540,Kalvin Hannigane,Pakistani,China,296
576-84-1060,Sterling Bande,Paiute,China,280
200-11-4873,Chloette McKernon,Menominee,China,125
126-66-8560,Tracy Lightoller,Spaniard,Mongolia,241
866-64-8504,Ermengarde Arthur,Central American,China,342
644-28-8121,Ernest Hrihorovich,Korean,United States,126
253-93-3377,Kippie Slimm,Osage,Russia,186
839-52-7202,Natalya Battison,Paraguayan,Brazil,157
620-76-4373,Bart Mulvy,Native Hawaiian,Philippines,133
211-15-0150,Lazar Bachmann,Japanese,United States,294
870-69-9609,Atlanta Kilfoyle,Malaysian,Sweden,91
338-76-1800,Jehu Guerro,Iroquois,China,84
249-34-6544,Marlie Pietesch,Micronesian,Thailand,187
488-84-7028,Lucretia Plaster,Nicaraguan,Brazil,318
620-45-0928,Erik Morefield,Lumbee,Brazil,327
485-33-7527,Glennis Dickon,Colombian,China,159
143-24-7324,Brion Downie,Chilean,Poland,204
574-15-5667,Letizia Boydon,American Indian and Alaska Native (AIAN),Democratic Republic of the Congo,263
677-03-1107,Farlie Skyrme,Menominee,Argentina,144
127-79-6470,Filberte Perrin,Cherokee,Argentina,143
175-46-6348,Nanny Velti,Osage,Canada,256
774-73-5103,Caresa Catmull,Central American,Japan,15
603-24-9611,Lyndell Worters,Chinese,Czech Republic,353
801-73-5841,Dottie McCaghan,Potawatomi,United States,327
419-99-9392,Kayne Durno,Chinese,Russia,187
248-22-0584,Paten Eckford,Indonesian,Portugal,318
318-94-2547,Issy L'Hommeau,Navajo,Ireland,136
633-20-0943,Lynnett Dransfield,American Indian and Alaska Native (AIAN),Bosnia and Herzegovina,207
318-67-6234,Caritta Daville,Samoan,Pakistan,208
488-02-9406,Rooney Ugolini,Cree,Brazil,97
842-57-9656,Ondrea Shalloe,Creek,Colombia,213
888-24-3566,Luelle Booeln,Potawatomi,Indonesia,167
142-58-5382,Clywd Roxburgh,Ecuadorian,Philippines,6
176-77-2628,Cointon Kubica,Tongan,China,278
798-51-2187,Cris Worsam,Tongan,Egypt,175
415-78-8649,Elvira Shreenan,Paiute,China,329
761-19-1775,Nicolle Maw,Pima,France,34
401-25-0667,Carolee Hagston,Guamanian,Peru,162
393-53-4125,Shaun Ebbs,Cree,Jordan,289
870-09-0229,Dari Obee,Alaska Native,Thailand,269
510-71-8570,Luce Sallarie,Thai,Indonesia,214
303-34-2066,Fanny Wager,Japanese,Democratic Republic of the Congo,308
588-18-6856,Adara Purdon,Fijian,Peru,51
568-51-5379,Felicio Taborre,Chippewa,Argentina,341
637-81-0860,Stefania Domone,Central American,Indonesia,9
297-68-2275,Yasmeen Valentim,Paiute,China,205
463-18-4105,Lorene Heffy,Uruguayan,Libya,295
493-36-2776,Hernando Mollett,Native Hawaiian and Other Pacific Islander (NHPI),France,194
604-20-3494,Fernando Revens,Asian Indian,United States,148
314-40-5324,Siffre O'Mullaney,Asian,Uganda,102
464-77-3324,Elnora Jenkerson,Filipino,Morocco,251
712-49-3204,Patsy Addison,Peruvian,Kazakhstan,178
268-23-2825,Selina Grayland,Uruguayan,China,118
593-68-4550,Carlos Krzyzanowski,Lumbee,Thailand,201
853-33-4815,Irwinn Waldera,Houma,Republic of the Congo,330
516-79-9237,Melonie Ciccarelli,Fijian,Philippines,384
238-41-4944,Annissa Crigin,Nicaraguan,China,108
120-56-8960,Rici Drioli,Taiwanese,China,129
343-21-1530,Donnell Poulsom,Alaskan Athabascan,China,231
785-26-6589,Tamma Penlington,Colville,Brazil,186
296-05-8393,Ronny Joselin,Ute,Indonesia,85
234-72-7060,Liana Myrie,Aleut,Nigeria,147
619-76-2560,Codi Kilmaster,Tlingit-Haida,Bosnia and Herzegovina,244
512-50-0875,Venita Delve,Shoshone,China,157
388-67-1535,Farand Verlander,Argentinian,France,353
888-35-7996,Evelina Bankes,Central American,Syria,309
263-42-4130,Kristel Iacomi,Honduran,Sweden,98
468-70-5335,Fonz Sinderson,Spaniard,Bosnia and Herzegovina,306
386-84-8281,Kenneth Imison,Latin American Indian,Armenia,357
145-21-2046,Carmelle Mehaffey,Yuman,Brazil,94
101-25-6034,Lenette Anscombe,Blackfeet,Indonesia,269
108-74-3254,Christophorus Martins,Eskimo,Sweden,196
291-14-8891,Field Hingeley,Yuman,Cuba,174
129-24-7623,Rod Suffe,Osage,China,29
740-04-9777,Lester Ortner,Laotian,China,327
578-25-2435,Keeley Bonnar,Micronesian,Myanmar,64
513-50-6774,Rey Leber,American Indian,Indonesia,309
805-70-3965,Meredeth Gauler,Melanesian,Jamaica,301
378-82-1632,Dorisa Branchett,Colville,China,316
129-70-5598,Judah Legerwood,Thai,Czech Republic,22
752-38-3538,Jo-anne Scottini,Samoan,Philippines,182
528-07-3262,Ernaline Plaster,Tohono O'Odham,South Africa,9
535-71-4373,Colleen Reeves,Latin American Indian,China,336
713-85-6447,Guillermo Pasticznyk,Tongan,Slovenia,360
542-84-9053,Veronique Devin,Potawatomi,Namibia,377
790-59-2722,Devy Poff,Chamorro,Colombia,35
636-77-6656,Willette Littledyke,Tohono O'Odham,Japan,320
695-17-4554,Patsy Cassells,Chippewa,Indonesia,65
492-93-7744,Gelya Schiell,Ottawa,Vietnam,347
745-28-0990,Agosto Hilbourne,Seminole,Canada,396
853-51-1409,Dru Aveline,Pakistani,Cambodia,346
310-48-0093,Pete Pretley,Polynesian,Palestinian Territory,99
618-24-3140,Micky Lawty,Cambodian,Maldives,9
658-55-8259,Kelcy Rustadge,Yaqui,China,240
770-70-5343,Keelia Nolan,Puget Sound Salish,Indonesia,67
596-34-5145,Fayina Cassley,Bolivian,China,252
490-78-3745,Shalom Levey,Alaska Native,Indonesia,118
628-43-5609,Caresa Sawkins,Lumbee,China,162
411-24-8290,Beret Motton,Melanesian,Indonesia,77
696-74-5223,Melvin Costi,Eskimo,China,82
359-71-3173,Merrel Avard,Guatemalan,China,362
358-16-8183,Arlen Gooch,Japanese,Russia,151
299-17-4841,Barry Sizzey,Chickasaw,Indonesia,106
345-70-2560,Hurlee Crippin,Colombian,Mongolia,170
249-73-7135,Isabella Gringley,Honduran,Brazil,217
895-75-2342,Gibby Hurtic,Pueblo,China,39
340-09-8749,Leodora Baraja,Potawatomi,Russia,93
382-62-0341,Pedro Sutch,Asian,Croatia,335
877-19-3700,Artemis Antunez,Aleut,Russia,297
612-89-9864,Dannye Spykins,Peruvian,Indonesia,240
443-11-2838,Ethyl Dodell,Puget Sound Salish,United States,293
763-19-2366,Darb McKibbin,Menominee,Indonesia,351
643-71-0811,Justis Aisbett,Native Hawaiian and Other Pacific Islander (NHPI),Ukraine,391
659-71-8653,Corabel Joseland,Malaysian,Tajikistan,24
898-90-0331,Humberto Tunstall,Thai,Russia,244
566-57-1485,Chloette Puttrell,Chickasaw,Sweden,319
191-55-2381,Adelbert Slinn,Melanesian,Russia,196
498-62-0635,Law Deverale,Spaniard,Portugal,80
314-07-3651,Cesare Luquet,Panamanian,Chile,204
330-18-5108,Dannel Kopecka,Chilean,United States,167
603-88-9260,Nanon Gleadle,Lumbee,Angola,155
315-97-2232,Ricky Flatley,Navajo,Latvia,82
360-19-9786,Chiquita Baison,White,Indonesia,89
774-70-5542,Leelah Haseman,Cree,Indonesia,387
404-76-6297,Nichole Deeves,Comanche,Brazil,391
829-05-8097,Lorrayne Westwick,Cambodian,Niger,266
735-63-9035,Trudey Conerding,Cheyenne,Croatia,170
378-54-1695,Ernie Tremblot,Crow,Russia,214
524-01-3032,Kaine Kitchingman,Dominican (Dominican Republic),Portugal,74
837-74-1086,Ariela Dunkerley,Apache,China,170
897-50-7565,Prisca Prene,Osage,Indonesia,117
283-24-4990,Annissa Friel,Bangladeshi,Indonesia,247
343-03-3198,Dawn Roddam,Chippewa,China,213
341-29-1535,Napoleon Burdfield,Chamorro,Malta,16
295-59-3493,Fredi Baiss,Creek,Sweden,335
743-48-3979,Carla Latta,Puerto Rican,Russia,317
615-20-5160,Kylen Kelinge,Houma,China,87
416-16-3545,Falito Dionisetti,Pima,Indonesia,399
605-95-5350,Orlan Woodyer,Dominican (Dominican Republic),Mongolia,37
427-08-1450,Eliot Littler,Cuban,Bosnia and Herzegovina,395
512-72-6879,Kaia Moran,Alaskan Athabascan,Venezuela,378
167-96-5249,Debby Arrigo,Alaskan Athabascan,Egypt,344
490-93-0818,Barbabra Fido,Guatemalan,Indonesia,116
230-15-3007,Gavrielle Wayon,Guamanian,Portugal,80
642-45-1030,Mona Haller,Blackfeet,Thailand,319
379-30-9114,Nona Worwood,Alaskan Athabascan,Germany,384
794-42-5524,Romonda Feldbaum,Pima,China,90
898-87-2196,Gallard Kindle,Blackfeet,China,257
863-18-4603,Carlita Garside,American Indian,China,59
809-99-6235,Trip Trodden,Cambodian,Brazil,91
228-25-5547,Kariotta Ojeda,Guamanian,South Korea,395
562-48-7807,Kettie Tour,South American,Israel,351
253-92-9696,Ruggiero Summers,Choctaw,China,363
180-23-9125,Beulah Hennemann,Laotian,France,293
377-70-0403,Ive Blaxall,Panamanian,Philippines,218
222-64-2930,Sileas Hamshaw,Yaqui,Japan,84
662-78-1941,Kriste O'Hartnett,Navajo,France,199
540-22-7666,Holt Whifen,Native Hawaiian and Other Pacific Islander (NHPI),Mexico,178
353-92-8116,Candra Ivanikhin,Chippewa,Finland,131
342-26-1163,Donal Illesley,Guatemalan,Russia,247
169-03-9785,Sharlene Blore,Blackfeet,Poland,214
274-45-1392,Lebbie Dummer,Spaniard,China,166
655-39-6249,Brier Honsch,Blackfeet,Russia,92
652-41-0935,Priscella Brome,Paiute,China,277
851-92-5119,Dosi Stillert,Guatemalan,Czech Republic,385
589-50-9003,Trix Wooffinden,Vietnamese,China,115
830-72-3331,Indira Gosse,Dominican (Dominican Republic),Spain,17
311-13-4480,Francois Rablan,Sri Lankan,Colombia,220
418-15-8319,Cissiee Barstow,Vietnamese,Nigeria,306
830-98-4755,Jasen Eagles,Pima,Nicaragua,111
315-54-1229,Georgetta Mannock,Choctaw,Poland,78
725-84-9809,Madeleine Benterman,Eskimo,Slovenia,113
486-89-3964,Fin Roake,White,Central African Republic,181
536-43-9942,Judah Maddison,Paraguayan,South Africa,222
147-25-5946,Georas Reddihough,Sioux,Swaziland,62
880-56-2368,Renie Balmforth,Yaqui,Afghanistan,45
754-76-9533,Clare Keuneke,Taiwanese,Indonesia,136
489-48-8750,Luther Miskelly,Spaniard,Peru,2
207-83-2202,Beverie Sline,Chickasaw,Indonesia,273
697-24-7630,Collette Geockle,Ute,Russia,307
112-86-7542,Jacynth Athelstan,American Indian and Alaska Native (AIAN),Finland,123
445-78-4348,Kenna Tincey,Malaysian,Ecuador,337
681-46-1845,Trever Kobieriecki,Cree,Russia,120
427-06-8876,Darlene Dominec,Puerto Rican,Lesotho,49
898-84-0155,Mead Tungay,Guatemalan,Sweden,90
384-50-0923,Guy Cathcart,Eskimo,United States,162
875-53-5049,Linet Durward,Chilean,China,319
127-39-1465,Di Jowitt,Hmong,Sweden,276
517-70-4679,Denney Hargroves,Sri Lankan,Italy,322
483-22-4234,Westleigh Renzullo,Uruguayan,China,386
704-21-0516,Gerhardine Daingerfield,Potawatomi,Philippines,392
839-58-3461,Cullin Daybell,Micronesian,Japan,22
800-30-9833,Willette Agnolo,Melanesian,Philippines,327
246-17-7136,Saxe Jedrzejewski,Tongan,Thailand,135
494-39-1433,Shelagh Mergue,Taiwanese,Colombia,208
557-23-4337,Greer Doumer,Cree,Poland,23
712-81-6444,Lorin Spanswick,Alaskan Athabascan,Argentina,164
447-23-4211,Shamus Foyle,Creek,Poland,1
456-98-8802,Luis Cochet,Crow,Ukraine,82
466-79-4390,Dud Dunthorne,Yuman,Indonesia,379
676-55-6917,Vernice De Morena,Colombian,Portugal,260
617-93-3124,Inger Chewter,Crow,China,325
617-76-9054,Garrett Klesel,Puerto Rican,Peru,305
896-09-1832,Noe Rodge,Cree,Portugal,269
680-99-0615,Goldina Dillingstone,Creek,China,20
509-86-6939,Nerty Newiss,Hmong,China,302
303-84-2630,Brittany Holcroft,Taiwanese,Indonesia,12
476-98-4351,Malena Follows,Native Hawaiian,Colombia,195
544-95-0622,Kelsi Kohrs,Colombian,Czech Republic,189
740-74-3953,Nissa Nancarrow,Creek,Sweden,362
131-88-8087,Mahmud Josifovic,Tongan,France,274
676-38-2704,Deck Ough,American Indian,Indonesia,288
358-03-9138,La verne Bibb,Yakama,Indonesia,366
291-48-1660,Galen Carnier,Puget Sound Salish,China,339
467-74-9110,Alard Pendreigh,Polynesian,Poland,215
895-03-1075,Mercie Cavilla,Comanche,France,345
484-75-2743,Sigismond Gleder,Spaniard,China,35
214-88-5462,Lorry Lunt,Alaska Native,China,103
892-19-3073,Horacio Carville,Houma,Jordan,43
115-22-3477,Ulrike Poizer,Blackfeet,Indonesia,388
105-36-6081,Audi Deniso,Black or African American,Japan,281
641-51-8611,Terra Iredell,Indonesian,Russia,10
328-47-8848,Tyrus Buterton,Ute,France,75
301-30-2652,Eleonora Carslake,Filipino,China,324
343-66-5570,Talbot Penswick,Black or African American,Indonesia,359
805-36-7771,Liliane Chander,Guamanian,China,155
871-97-7192,Ichabod Rockingham,Creek,Ireland,148
710-03-2904,Norma Brunnstein,Houma,China,222
746-48-5558,Israel Willoughley,Chamorro,Japan,83
146-37-1421,Roderick O'Scully,Taiwanese,Russia,154
560-50-7837,Leslie Blitz,Tlingit-Haida,China,13
652-78-2941,Jenni Khomich,Cree,Cuba,153
707-61-7994,Davide Hext,Japanese,China,358
681-25-3062,Gerta See,Apache,Sweden,267
177-35-3672,Adriana Dumphy,Mexican,Philippines,62
270-85-8711,Giana Gammet,Alaska Native,China,292
459-94-5589,Konstantine Huntar,Choctaw,Brazil,243
488-18-6867,Banky Grestie,Honduran,Canada,202
741-84-3286,Sawyere Lavies,Cheyenne,Canada,343
109-46-0642,Shurlocke Giercke,Navajo,Philippines,290
324-74-2175,Basil DeSousa,Choctaw,China,395
794-58-5566,Germaine Batchan,White,Russia,275
698-71-5425,Sanford Slemming,American Indian,Portugal,336
624-30-6630,Alma Peacher,Navajo,Portugal,43
540-40-8542,Rowena Ketchaside,Sioux,Malaysia,184
489-49-9134,Nicholas Gammill,Spaniard,Nicaragua,96
425-78-5189,Sigvard Smart,Chilean,Peru,96
641-12-2997,Jody Kenningham,Vietnamese,Sweden,222
392-05-8047,Sarena Delong,Costa Rican,Georgia,304
343-87-8355,Rosie McClifferty,Bangladeshi,Russia,296
239-87-8860,Alaine Stanning,Latin American Indian,Russia,125
730-58-2077,Merline Mcwhinney,Cheyenne,China,254
785-40-8069,Morse Pierrepont,American Indian,Bolivia,172
718-29-2053,Ivett Durgan,Blackfeet,Sweden,382
102-86-4561,Claretta Vardy,Native Hawaiian,Nigeria,86
880-47-5729,Merl Stansall,Sioux,Argentina,292
107-21-2289,Balduin Haitlie,Native Hawaiian,Indonesia,1
143-38-6770,Darcie Cordeux,White,Philippines,26
198-89-9894,Arlan Ferraresi,Creek,Indonesia,79
251-72-7409,Cody Layburn,Pima,Venezuela,65
418-60-0577,Ariana Duguid,Laotian,South Africa,107
672-09-9566,Crysta Saltwell,Navajo,Israel,244
658-69-2761,Lindsay Quinsee,Bangladeshi,Indonesia,60
281-50-9448,Jackie Cordelet,Potawatomi,Philippines,97
819-76-1483,Rozina Lyddy,Pakistani,Brazil,137
551-16-9413,Gert Goodison,Aleut,Indonesia,140
310-60-3900,Rochette Brownsworth,Chippewa,Uruguay,290
367-07-2501,Ame Rosso,Ute,Brazil,247
236-57-4128,Wilma Gerriessen,Filipino,Indonesia,374
515-13-5699,Karoly Grant,Colville,Poland,342
604-76-2896,Dan Parlor,Samoan,Nigeria,254
520-62-4915,Bambie MacAvddy,Latin American Indian,Brazil,339
181-38-3461,Bryon Milne,Korean,Indonesia,144
150-87-1046,Muire Faraday,Puget Sound Salish,Indonesia,177
473-20-6660,Kennett Wadman,Sioux,China,383
360-79-4124,Kristian Langrish,Alaskan Athabascan,El Salvador,34
269-97-5187,Rasla Blenkinsopp,Japanese,China,226
695-62-7771,Shelba Coffin,Tlingit-Haida,China,264
182-38-2076,Cy Vakhonin,American Indian,China,247
491-07-0485,Cele Napthine,Samoan,Mongolia,376
829-90-9363,Kingsley Roome,Navajo,China,164
201-07-9242,Hi Braunroth,Seminole,Peru,230
208-99-6178,Jud Gwinnell,Blackfeet,Uganda,189
158-34-2256,Ursola Dagworthy,Venezuelan,Nigeria,194
659-19-6496,Audrie Duffil,Guamanian,Indonesia,260
804-39-0638,Dirk Dinsale,Peruvian,Philippines,44
674-27-1355,Liza Anton,Navajo,Russia,86
889-38-3986,Kerri Mainston,Indonesian,Argentina,96
509-70-5373,Latisha Mithan,Pakistani,Guatemala,230
483-37-2158,Maribelle Redmille,Bolivian,Ukraine,264
335-30-4685,Celestyna Phizackarley,Blackfeet,Canada,181
294-50-5500,Noni Armsden,Asian Indian,Reunion,163
317-74-6141,Conny Balding,Dominican (Dominican Republic),Guatemala,264
489-47-7354,Meir Kelberer,Laotian,Montenegro,135
281-90-1471,Kurt Romayn,Taiwanese,China,33
750-47-2567,Selie Plan,Spaniard,China,355
232-52-5529,Elianore Hinkensen,Costa Rican,China,153
767-92-7058,Dolores Bracken,Choctaw,Sweden,86
329-53-8406,Mickie Pisco,Chippewa,China,91
360-99-6286,Daune MacFadden,Pakistani,Nicaragua,379
150-69-3890,Jan Duigenan,Yaqui,Pakistan,221
148-22-1619,L;urette McElvine,Thai,Philippines,52
241-43-8464,Flory Franck,Crow,Philippines,247
254-98-6454,Jeannine Holgan,Puerto Rican,Russia,173
571-95-8106,Rosemarie Fellenor,Alaska Native,Russia,193
387-05-9485,Mikael Lusk,Pueblo,Nigeria,396
512-09-9205,Sibilla Pozzi,Peruvian,China,113
508-06-8336,Bili Keays,American Indian and Alaska Native (AIAN),Thailand,36
644-17-6073,Vinny Redan,Melanesian,Sweden,331
690-09-0942,Harwell Watt,Argentinian,Sierra Leone,118
525-06-4101,Nataline Kermitt,Latin American Indian,Brazil,79
735-34-4562,Bryn Will,Korean,Poland,168
733-20-9976,Jolyn Slade,Cree,Honduras,278
375-69-1650,Melosa Seares,Menominee,Poland,365
413-62-8492,Jobyna Keyme,Yakama,Czech Republic,65
155-29-2818,Scot Mewett,Eskimo,Colombia,327
241-32-8097,Thea Origan,Black or African American,Botswana,119
850-27-3337,Galina Smartman,Creek,Philippines,285
408-72-3858,Burnard MacCaghan,Cheyenne,Indonesia,362
828-23-1650,Rog Winfindale,Apache,Maldives,52
729-06-8609,Lenore Beckey,Melanesian,China,7
610-93-7057,Sky McHenry,Argentinian,Panama,273
287-12-9776,Krispin Santen,Chilean,China,139
347-76-5395,Gerry Clackson,Filipino,Philippines,264
883-70-2262,Obadiah Morrill,Colombian,France,225
597-66-9538,Ferdinanda Denney,Peruvian,Poland,4
122-57-0320,Ivar Popping,Alaska Native,Russia,273
738-66-2715,Neille Cady,Eskimo,China,364
335-77-2092,Ethelyn Shepeard,Kiowa,United States,27
237-14-7640,Kingsly Ciccottini,Tlingit-Haida,Czech Republic,342
834-33-9778,Itch L'Hommee,Paiute,Malaysia,214
194-13-6529,Elset Sally,Japanese,Uruguay,73
827-84-7395,Angeli Rowledge,Korean,Sweden,2
297-83-4844,Reggi Jirick,Choctaw,Indonesia,230
880-35-6734,Lorene Waldera,Asian Indian,Philippines,331
751-77-1149,Afton Keelan,Chickasaw,Argentina,153
153-67-8622,Krispin Pfeffer,Blackfeet,China,212
765-38-9029,Elinore Rushton,Korean,Oman,260
322-61-0468,Zonnya Maxwaile,Sri Lankan,Sweden,318
274-13-3055,Alexio Mylchreest,Tlingit-Haida,China,101
521-68-1703,Solomon Guidera,Cambodian,Philippines,228
806-50-5382,Craig Ca,Apache,China,176
795-83-1016,Emlen Newburn,Seminole,France,108
822-71-8337,Rachael Greder,Paiute,Slovenia,296
403-69-6369,Noel Soall,Tlingit-Haida,Thailand,104
823-44-3829,Midge Comben,Salvadoran,Palestinian Territory,236
729-07-6561,Genia Scipsey,Pima,Brazil,95
617-58-4127,Waverly Rossbrook,Venezuelan,New Zealand,159
276-91-1841,Ellis Dahl,Tohono O'Odham,Japan,336
647-84-7435,Layne Wisden,American Indian,Pakistan,130
120-26-2885,Lesya Ixer,Venezuelan,Japan,379
569-24-1042,Helene Whistlecroft,South American,Poland,281
293-34-4476,Shep Carlos,Malaysian,China,131
773-89-6782,Jared McKennan,Bolivian,Russia,167
258-19-0577,Talbot Redmain,Crow,Philippines,156
139-69-3840,Brice Wethers,Polynesian,Peru,128
292-31-9899,Sunshine Cumpsty,Black or African American,Russia,62
890-75-0441,Major Stradling,Costa Rican,Portugal,169
474-06-8479,Ignaz Antrag,Choctaw,China,223
118-91-2285,Lindsey Stampfer,Delaware,Myanmar,61
511-03-0030,Elisabetta Gooderham,Filipino,Russia,329
532-60-6456,Kari Ponnsett,Costa Rican,Poland,263
875-65-1870,Codi O'Garmen,Vietnamese,China,121
864-78-6083,Daisi Reily,Iroquois,Honduras,45
747-26-6477,Erskine Lory,Cree,China,48
649-40-4695,Deena Kleanthous,Honduran,China,316
588-04-3344,Cecile Boord,Bangladeshi,Honduras,388
802-62-4381,Hubey Marke,Lumbee,France,215
636-68-0339,Howey Chew,Native Hawaiian,Bosnia and Herzegovina,334
182-16-2964,Sibylle Toke,Bangladeshi,Peru,385
349-81-9447,Rowe Stealey,Taiwanese,Netherlands,78
686-25-9103,Frasier Wanderschek,Latin American Indian,Sweden,140
177-76-6580,Sibley Murkin,Uruguayan,Yemen,104
368-74-9969,Stern Royall,Chilean,Norway,38
894-07-3489,Kasey Morrissey,Sioux,Russia,139
831-39-6691,Livia Stittle,Eskimo,China,225
193-36-2708,Tamra Glencrosche,Laotian,China,120
473-40-0026,Tye McInerney,Guamanian,Indonesia,228
735-24-9234,Rebekkah Chadderton,Black or African American,Brazil,338
354-49-8290,Mirelle Relton,Delaware,Indonesia,91
324-72-0097,Fin Antram,White,Sweden,244
294-09-3437,Elmira Bodega,Seminole,Mexico,136
110-03-9531,Hugues Van Der Hoog,Native Hawaiian,China,174
323-55-5953,Fritz Sacher,Pueblo,Philippines,367
292-02-9559,Deeyn Goodfellow,Osage,Argentina,152
873-22-2258,Paton McNellis,Seminole,Belize,217
789-59-6570,Tann Plover,Mexican,Ukraine,210
126-39-9292,Ruddy Cudihy,Potawatomi,China,379
689-14-1565,Nadya Hawthorne,American Indian and Alaska Native (AIAN),China,306
617-62-8972,Catie Burner,Uruguayan,Russia,290
634-92-5546,Fleur Corthes,Bangladeshi,Colombia,202
476-59-3029,Jarred Danielli,Alaska Native,China,102
836-62-2889,Phillipp Fesby,Salvadoran,Russia,93
214-67-8902,Chrystal Welden,Laotian,Philippines,218
336-36-1558,Tish Fretwell,Choctaw,China,102
394-80-5139,Conrad Courtney,Comanche,Madagascar,38
768-11-8368,Kaiser Keaton,Micronesian,Indonesia,85
431-03-8045,Suzi Hlavac,Cree,Indonesia,258
790-93-9470,Jeanine McComb,Thai,Croatia,172
769-05-4969,Colet Debrick,Sri Lankan,Philippines,140
765-64-5906,Donaugh Ciardo,Chickasaw,France,255
295-52-9945,Ginevra Chicchelli,Choctaw,France,377
888-03-0882,Lyndel Keepe,Filipino,Brazil,137
774-49-1588,Leon Blaxter,Cree,Tanzania,243
844-23-4975,Goddart Jaszczak,Aleut,Japan,147
224-79-3819,Karlik O'Lenechan,Chinese,Saudi Arabia,47
313-38-0388,Edee Mickan,Thai,Portugal,25
385-36-1732,Sabine Lamke,Seminole,Poland,157
226-28-5279,Yorgo Eglin,Puget Sound Salish,China,118
730-52-5549,Delmor Deacon,Colville,Philippines,96
491-19-8914,Dynah Glasspool,Sri Lankan,Colombia,236
355-79-5297,Zechariah Maso,Indonesian,Russia,41
802-80-7468,Salvatore Cordel,Houma,Russia,190
770-56-1956,Danice Ellwell,Cuban,Nigeria,51
